seed,metric,frac_overlap,metric_overlap,metric_ood_all_mnist,metric_ood_all_svhn
0,cycle_knn,0.0,0.983800,0.716500,0.745659
0,mutual_knn,0.0,0.745090,0.361540,0.413214
0,lcs_knn,0.0,4.790800,2.389400,2.674631
0,cka,0.0,0.957605,0.893745,0.954923
0,unbiased_cka,0.0,0.956206,0.891959,0.951685
0,cknna,0.0,0.748237,0.317743,0.391019
0,svcca,0.0,0.702328,0.697304,0.778590
0,edit_distance_knn,0.0,0.271420,0.070990,0.090281
0,cycle_knn,0.1,0.981900,0.665900,0.722303
0,mutual_knn,0.1,0.724680,0.295580,0.356838
0,lcs_knn,0.1,4.626800,2.029800,2.360633
0,cka,0.1,0.939126,0.879333,0.904909
0,unbiased_cka,0.1,0.938137,0.876173,0.903004
0,cknna,0.1,0.730094,0.255849,0.337762
0,svcca,0.1,0.644912,0.752648,0.766860
0,edit_distance_knn,0.1,0.256570,0.055850,0.073160
0,cycle_knn,0.2,0.983600,0.680000,0.732061
0,mutual_knn,0.2,0.735840,0.356520,0.392429
0,lcs_knn,0.2,4.722100,2.364400,2.568262
0,cka,0.2,0.940107,0.897746,0.939408
0,unbiased_cka,0.2,0.939985,0.897551,0.939275
0,cknna,0.2,0.746243,0.323011,0.377453
0,svcca,0.2,0.690799,0.719622,0.774916
0,edit_distance_knn,0.2,0.264920,0.071970,0.086298
0,cycle_knn,0.3,0.982800,0.660600,0.704095
0,mutual_knn,0.3,0.745700,0.333470,0.354921
0,lcs_knn,0.3,4.799200,2.237300,2.365819
0,cka,0.3,0.952281,0.902296,0.865550
0,unbiased_cka,0.3,0.951252,0.899319,0.860860
0,cknna,0.3,0.753804,0.299833,0.343070
0,svcca,0.3,0.755983,0.760692,0.799539
0,edit_distance_knn,0.3,0.273710,0.065330,0.074612
0,cycle_knn,0.4,0.982600,0.671300,0.723072
0,mutual_knn,0.4,0.738200,0.317810,0.357114
0,lcs_knn,0.4,4.731300,2.146000,2.375576
0,cka,0.4,0.949193,0.848055,0.832129
0,unbiased_cka,0.4,0.948039,0.845390,0.800302
0,cknna,0.4,0.742714,0.281385,0.344302
0,svcca,0.4,0.693944,0.749219,0.723930
0,edit_distance_knn,0.4,0.265670,0.060590,0.074996
0,cycle_knn,0.5,0.983200,0.707700,0.723725
0,mutual_knn,0.5,0.755100,0.356880,0.368231
0,lcs_knn,0.5,4.895500,2.368200,2.442686
0,cka,0.5,0.956733,0.916521,0.929951
0,unbiased_cka,0.5,0.955510,0.916282,0.929755
0,cknna,0.5,0.759570,0.315094,0.348946
0,svcca,0.5,0.741234,0.786111,0.736564
0,edit_distance_knn,0.5,0.283590,0.071150,0.077555
0,cycle_knn,0.6,0.983000,0.659400,0.698909
0,mutual_knn,0.6,0.745620,0.298940,0.315124
0,lcs_knn,0.6,4.803900,2.045900,2.143131
0,cka,0.6,0.952116,0.838750,0.824667
0,unbiased_cka,0.6,0.950754,0.836102,0.822933
0,cknna,0.6,0.748274,0.263295,0.295809
0,svcca,0.6,0.709267,0.784417,0.758654
0,edit_distance_knn,0.6,0.271790,0.057110,0.062615
0,cycle_knn,0.7,0.984100,0.627700,0.665834
0,mutual_knn,0.7,0.737750,0.279980,0.312193
0,lcs_knn,0.7,4.724600,1.941300,2.119200
0,cka,0.7,0.946080,0.867872,0.916224
0,unbiased_cka,0.7,0.945109,0.867554,0.916041
0,cknna,0.7,0.744845,0.247501,0.296132
0,svcca,0.7,0.697378,0.702452,0.782733
0,edit_distance_knn,0.7,0.265170,0.051950,0.062681
0,cycle_knn,0.8,0.984300,0.697400,0.722073
0,mutual_knn,0.8,0.743510,0.362880,0.394806
0,lcs_knn,0.8,4.764200,2.389200,2.580094
0,cka,0.8,0.954011,0.878752,0.966477
0,unbiased_cka,0.8,0.952581,0.878528,0.964323
0,cknna,0.8,0.748203,0.324960,0.378817
0,svcca,0.8,0.700988,0.707591,0.781060
0,edit_distance_knn,0.8,0.269540,0.074060,0.086194
0,cycle_knn,0.9,0.984400,0.696000,0.704018
0,mutual_knn,0.9,0.737090,0.351050,0.367713
0,lcs_knn,0.9,4.737200,2.328800,2.435887
0,cka,0.9,0.948595,0.875092,0.860580
0,unbiased_cka,0.9,0.948487,0.872300,0.841099
0,cknna,0.9,0.745660,0.321044,0.353312
0,svcca,0.9,0.649074,0.747997,0.753144
0,edit_distance_knn,0.9,0.267190,0.070970,0.077823
0,cycle_knn,1.0,0.985100,0.675400,0.717156
0,mutual_knn,1.0,0.742910,0.304300,0.352977
0,lcs_knn,1.0,4.777100,2.061300,2.343193
0,cka,1.0,0.953238,0.887413,0.886642
0,unbiased_cka,1.0,0.951882,0.887260,0.886511
0,cknna,1.0,0.745541,0.276837,0.339031
0,svcca,1.0,0.683282,0.728461,0.754429
0,edit_distance_knn,1.0,0.270270,0.058380,0.073525
1,cycle_knn,0.0,0.985100,0.711200,0.721804
1,mutual_knn,0.0,0.752130,0.379550,0.415285
1,lcs_knn,0.0,4.851500,2.480400,2.699447
1,cka,0.0,0.955328,0.920094,0.928224
1,unbiased_cka,0.0,0.953844,0.915517,0.923635
1,cknna,0.0,0.757415,0.339699,0.401948
1,svcca,0.0,0.701675,0.805905,0.792888
1,edit_distance_knn,0.0,0.278940,0.079600,0.093393
1,cycle_knn,0.1,0.982100,0.689400,0.729295
1,mutual_knn,0.1,0.730890,0.354500,0.378830
1,lcs_knn,0.1,4.689400,2.346900,2.487592
1,cka,0.1,0.947858,0.909487,0.926420
1,unbiased_cka,0.1,0.946805,0.905395,0.922544
1,cknna,0.1,0.737521,0.323627,0.362160
1,svcca,0.1,0.702732,0.725182,0.792254
1,edit_distance_knn,0.1,0.261850,0.071530,0.081308
1,cycle_knn,0.2,0.985200,0.702300,0.746427
1,mutual_knn,0.2,0.742090,0.360250,0.418012
1,lcs_knn,0.2,4.770700,2.384700,2.698717
1,cka,0.2,0.950693,0.897188,0.962059
1,unbiased_cka,0.2,0.949500,0.896944,0.960074
1,cknna,0.2,0.748577,0.322378,0.396808
1,svcca,0.2,0.713577,0.734620,0.781835
1,edit_distance_knn,0.2,0.269770,0.073470,0.092886
1,cycle_knn,0.3,0.984600,0.685500,0.717963
1,mutual_knn,0.3,0.742950,0.349480,0.369707
1,lcs_knn,0.3,4.783700,2.312500,2.449332
1,cka,0.3,0.957743,0.899270,0.899863
1,unbiased_cka,0.3,0.956687,0.898994,0.896205
1,cknna,0.3,0.751222,0.312853,0.349816
1,svcca,0.3,0.677948,0.736433,0.779348
1,edit_distance_knn,0.3,0.271450,0.068140,0.078742
1,cycle_knn,0.4,0.983600,0.689900,0.719038
1,mutual_knn,0.4,0.734710,0.349590,0.372795
1,lcs_knn,0.4,4.725000,2.334000,2.455209
1,cka,0.4,0.952302,0.921742,0.905066
1,unbiased_cka,0.4,0.950941,0.918929,0.901953
1,cknna,0.4,0.739414,0.307039,0.349021
1,svcca,0.4,0.688747,0.769605,0.751296
1,edit_distance_knn,0.4,0.265060,0.069350,0.078722
1,cycle_knn,0.5,0.984200,0.680300,0.710472
1,mutual_knn,0.5,0.722080,0.319770,0.357909
1,lcs_knn,0.5,4.629300,2.145000,2.375576
1,cka,0.5,0.939805,0.902991,0.960646
1,unbiased_cka,0.5,0.938743,0.901924,0.960562
1,cknna,0.5,0.727132,0.280759,0.340146
1,svcca,0.5,0.645339,0.742707,0.758739
1,edit_distance_knn,0.5,0.254790,0.060750,0.074712
1,cycle_knn,0.6,0.985000,0.670000,0.697680
1,mutual_knn,0.6,0.749620,0.287680,0.304944
1,lcs_knn,0.6,4.823800,1.983100,2.088161
1,cka,0.6,0.955750,0.868869,0.860326
1,unbiased_cka,0.6,0.955395,0.868630,0.814025
1,cknna,0.6,0.756425,0.247446,0.287505
1,svcca,0.6,0.706116,0.716729,0.718779
1,edit_distance_knn,0.6,0.275590,0.054110,0.060556
1,cycle_knn,0.7,0.985400,0.732500,0.747618
1,mutual_knn,0.7,0.768720,0.405080,0.426928
1,lcs_knn,0.7,4.992600,2.625000,2.760410
1,cka,0.7,0.962502,0.910004,0.931525
1,unbiased_cka,0.7,0.962420,0.909789,0.931334
1,cknna,0.7,0.774255,0.370817,0.408339
1,svcca,0.7,0.696942,0.780894,0.779984
1,edit_distance_knn,0.7,0.294210,0.087070,0.096424
1,cycle_knn,0.8,0.984200,0.691300,0.721497
1,mutual_knn,0.8,0.755110,0.350730,0.372837
1,lcs_knn,0.8,4.878000,2.326900,2.464006
1,cka,0.8,0.958416,0.884958,0.931930
1,unbiased_cka,0.8,0.958327,0.880597,0.928406
1,cknna,0.8,0.765723,0.310937,0.357074
1,svcca,0.8,0.707102,0.758266,0.791703
1,edit_distance_knn,0.8,0.280890,0.070670,0.079602
1,cycle_knn,0.9,0.984400,0.683100,0.719115
1,mutual_knn,0.9,0.736360,0.335340,0.366875
1,lcs_knn,0.9,4.727300,2.249700,2.428895
1,cka,0.9,0.948234,0.899336,0.933314
1,unbiased_cka,0.9,0.947071,0.899104,0.930012
1,cknna,0.9,0.745815,0.301402,0.347722
1,svcca,0.9,0.712990,0.711871,0.779808
1,edit_distance_knn,0.9,0.265920,0.065550,0.077259
1,cycle_knn,1.0,0.983200,0.662900,0.722841
1,mutual_knn,1.0,0.745800,0.345140,0.397288
1,lcs_knn,1.0,4.781200,2.290300,2.599723
1,cka,1.0,0.954629,0.894269,0.927207
1,unbiased_cka,1.0,0.953174,0.894008,0.922041
1,cknna,1.0,0.749613,0.309214,0.384825
1,svcca,1.0,0.666885,0.723848,0.803649
1,edit_distance_knn,1.0,0.271400,0.068260,0.087300
2,cycle_knn,0.0,0.982600,0.661600,0.719845
2,mutual_knn,0.0,0.734030,0.321810,0.362308
2,lcs_knn,0.0,4.711100,2.167500,2.401736
2,cka,0.0,0.952565,0.868983,0.910395
2,unbiased_cka,0.0,0.951547,0.865809,0.907205
2,cknna,0.0,0.740803,0.287187,0.347624
2,svcca,0.0,0.701669,0.719069,0.744919
2,edit_distance_knn,0.0,0.264020,0.061820,0.075884
2,cycle_knn,0.1,0.985100,0.752000,0.768554
2,mutual_knn,0.1,0.753280,0.401330,0.439144
2,lcs_knn,0.1,4.860200,2.601200,2.821950
2,cka,0.1,0.959418,0.912109,0.946950
2,unbiased_cka,0.1,0.957788,0.908049,0.943730
2,cknna,0.1,0.758872,0.362401,0.419356
2,svcca,0.1,0.720002,0.799424,0.780947
2,edit_distance_knn,0.1,0.279260,0.084410,0.100618
2,cycle_knn,0.2,0.981400,0.636600,0.701329
2,mutual_knn,0.2,0.716060,0.276130,0.320782
2,lcs_knn,0.2,4.556600,1.910300,2.172403
2,cka,0.2,0.938198,0.846026,0.921650
2,unbiased_cka,0.2,0.936819,0.844238,0.920130
2,cknna,0.2,0.718818,0.243975,0.307308
2,svcca,0.2,0.676636,0.711229,0.756193
2,edit_distance_knn,0.2,0.248510,0.050190,0.063983
2,cycle_knn,0.3,0.983700,0.668800,0.718193
2,mutual_knn,0.3,0.747160,0.305390,0.343251
2,lcs_knn,0.3,4.793900,2.084900,2.290143
2,cka,0.3,0.953150,0.883605,0.942765
2,unbiased_cka,0.3,0.951947,0.882423,0.940771
2,cknna,0.3,0.753936,0.268506,0.324989
2,svcca,0.3,0.703060,0.718864,0.751067
2,edit_distance_knn,0.3,0.271980,0.058160,0.069925
2,cycle_knn,0.4,0.984700,0.629200,0.686616
2,mutual_knn,0.4,0.740280,0.290910,0.317717
2,lcs_knn,0.4,4.770900,2.001100,2.168101
2,cka,0.4,0.952489,0.814837,0.783340
2,unbiased_cka,0.4,0.951141,0.814500,0.780828
2,cknna,0.4,0.747858,0.259365,0.304413
2,svcca,0.4,0.693994,0.705862,0.749854
2,edit_distance_knn,0.4,0.270990,0.054400,0.064632
2,cycle_knn,0.5,0.985600,0.728100,0.774700
2,mutual_knn,0.5,0.769220,0.396690,0.447296
2,lcs_knn,0.5,4.994500,2.583800,2.859481
2,cka,0.5,0.960493,0.922984,0.941900
2,unbiased_cka,0.5,0.959713,0.922822,0.939027
2,cknna,0.5,0.772556,0.355384,0.427578
2,svcca,0.5,0.698720,0.761305,0.816356
2,edit_distance_knn,0.5,0.294640,0.084220,0.102896
2,cycle_knn,0.6,0.985200,0.676700,0.721996
2,mutual_knn,0.6,0.758300,0.335370,0.380109
2,lcs_knn,0.6,4.892400,2.244000,2.502113
2,cka,0.6,0.957504,0.868592,0.875208
2,unbiased_cka,0.6,0.957412,0.868365,0.872544
2,cknna,0.6,0.765523,0.302041,0.364882
2,svcca,0.6,0.729431,0.762382,0.797214
2,edit_distance_knn,0.6,0.282880,0.066240,0.081941
2,cycle_knn,0.7,0.985300,0.729100,0.747580
2,mutual_knn,0.7,0.769640,0.404780,0.423632
2,lcs_knn,0.7,4.994400,2.627200,2.735287
2,cka,0.7,0.967983,0.926949,0.937289
2,unbiased_cka,0.7,0.966564,0.925640,0.934676
2,cknna,0.7,0.776909,0.357475,0.402466
2,svcca,0.7,0.684472,0.736881,0.786310
2,edit_distance_knn,0.7,0.294560,0.086570,0.095617
2,cycle_knn,0.8,0.983100,0.642400,0.706400
2,mutual_knn,0.8,0.727330,0.285310,0.345417
2,lcs_knn,0.8,4.667300,1.961600,2.302973
2,cka,0.8,0.950050,0.821956,0.897690
2,unbiased_cka,0.8,0.948557,0.821685,0.894959
2,cknna,0.8,0.732685,0.255160,0.334140
2,svcca,0.8,0.716313,0.716197,0.746445
2,edit_distance_knn,0.8,0.260340,0.052370,0.070663
2,cycle_knn,0.9,0.985300,0.704200,0.732598
2,mutual_knn,0.9,0.752790,0.345140,0.385403
2,lcs_knn,0.9,4.843000,2.289200,2.527774
2,cka,0.9,0.956788,0.893917,0.949097
2,unbiased_cka,0.9,0.955237,0.891601,0.947263
2,cknna,0.9,0.755155,0.305758,0.373198
2,svcca,0.9,0.697799,0.705786,0.771893
2,edit_distance_knn,0.9,0.277920,0.067430,0.082629
2,cycle_knn,1.0,0.984100,0.682300,0.721996
2,mutual_knn,1.0,0.736120,0.329590,0.375922
2,lcs_knn,1.0,4.701100,2.206000,2.480255
2,cka,1.0,0.952047,0.916360,0.937768
2,unbiased_cka,1.0,0.950637,0.916170,0.937668
2,cknna,1.0,0.743453,0.290949,0.355131
2,svcca,1.0,0.711207,0.705829,0.758140
2,edit_distance_knn,1.0,0.262790,0.063910,0.080205
3,cycle_knn,0.0,0.984800,0.680100,0.719153
3,mutual_knn,0.0,0.748830,0.315400,0.340154
3,lcs_knn,0.0,4.808300,2.133400,2.277774
3,cka,0.0,0.954048,0.861722,0.935192
3,unbiased_cka,0.0,0.953355,0.858537,0.933745
3,cknna,0.0,0.752614,0.278058,0.320392
3,svcca,0.0,0.689177,0.690384,0.762389
3,edit_distance_knn,0.0,0.275830,0.060030,0.069392
3,cycle_knn,0.1,0.985600,0.734800,0.758297
3,mutual_knn,0.1,0.760220,0.374630,0.394906
3,lcs_knn,0.1,4.937300,2.455300,2.576982
3,cka,0.1,0.957076,0.902209,0.899560
3,unbiased_cka,0.1,0.955978,0.900108,0.897110
3,cknna,0.1,0.770916,0.336436,0.376087
3,svcca,0.1,0.709345,0.774732,0.761060
3,edit_distance_knn,0.1,0.287140,0.077040,0.085622
3,cycle_knn,0.2,0.986000,0.710900,0.728757
3,mutual_knn,0.2,0.757310,0.348720,0.377789
3,lcs_knn,0.2,4.899700,2.310700,2.494660
3,cka,0.2,0.960489,0.900667,0.908015
3,unbiased_cka,0.2,0.959493,0.897024,0.903822
3,cknna,0.2,0.762244,0.313175,0.358664
3,svcca,0.2,0.686846,0.721645,0.784746
3,edit_distance_knn,0.2,0.285040,0.069720,0.081669
3,cycle_knn,0.3,0.984100,0.735600,0.764136
3,mutual_knn,0.3,0.770620,0.399670,0.432959
3,lcs_knn,0.3,5.022100,2.598600,2.789605
3,cka,0.3,0.963073,0.931258,0.963647
3,unbiased_cka,0.3,0.962991,0.928337,0.961055
3,cknna,0.3,0.775786,0.358705,0.410664
3,svcca,0.3,0.702204,0.747668,0.823472
3,edit_distance_knn,0.3,0.296800,0.083130,0.098613
3,cycle_knn,0.4,0.983400,0.669600,0.714659
3,mutual_knn,0.4,0.742150,0.300370,0.348544
3,lcs_knn,0.4,4.764600,2.050700,2.331131
3,cka,0.4,0.949638,0.859073,0.898597
3,unbiased_cka,0.4,0.948125,0.858838,0.898507
3,cknna,0.4,0.747521,0.272451,0.335438
3,svcca,0.4,0.692360,0.690167,0.753711
3,edit_distance_knn,0.4,0.269510,0.055200,0.072457
3,cycle_knn,0.5,0.983200,0.705700,0.752074
3,mutual_knn,0.5,0.741480,0.360200,0.421570
3,lcs_knn,0.5,4.774100,2.377000,2.720306
3,cka,0.5,0.955399,0.896502,0.967158
3,unbiased_cka,0.5,0.954241,0.895236,0.964242
3,cknna,0.5,0.744585,0.322637,0.400305
3,svcca,0.5,0.696518,0.767817,0.778676
3,edit_distance_knn,0.5,0.271030,0.073120,0.094491
3,cycle_knn,0.6,0.983100,0.674100,0.718500
3,mutual_knn,0.6,0.728380,0.321130,0.360660
3,lcs_knn,0.6,4.653100,2.153400,2.391518
3,cka,0.6,0.945267,0.902177,0.913193
3,unbiased_cka,0.6,0.944134,0.899590,0.911698
3,cknna,0.6,0.733845,0.288965,0.346762
3,svcca,0.6,0.695510,0.730002,0.708566
3,edit_distance_knn,0.6,0.256950,0.062930,0.076214
3,cycle_knn,0.7,0.985400,0.693300,0.726145
3,mutual_knn,0.7,0.746970,0.339550,0.360187
3,lcs_knn,0.7,4.827600,2.261700,2.392478
3,cka,0.7,0.955706,0.913202,0.860565
3,unbiased_cka,0.7,0.954436,0.913040,0.856804
3,cknna,0.7,0.752274,0.298145,0.343683
3,svcca,0.7,0.717162,0.772554,0.789475
3,edit_distance_knn,0.7,0.277010,0.066910,0.076732
3,cycle_knn,0.8,0.982100,0.645100,0.703135
3,mutual_knn,0.8,0.724480,0.292440,0.346331
3,lcs_knn,0.8,4.626000,2.009300,2.316725
3,cka,0.8,0.949054,0.877017,0.929341
3,unbiased_cka,0.8,0.947610,0.876766,0.926601
3,cknna,0.8,0.734787,0.259107,0.327540
3,svcca,0.8,0.681802,0.690107,0.764057
3,edit_distance_knn,0.8,0.255690,0.054910,0.071504
3,cycle_knn,0.9,0.984300,0.680600,0.697641
3,mutual_knn,0.9,0.760550,0.318870,0.329794
3,lcs_knn,0.9,4.932700,2.148800,2.222726
3,cka,0.9,0.965284,0.852147,0.912257
3,unbiased_cka,0.9,0.964069,0.851865,0.884964
3,cknna,0.9,0.765182,0.290634,0.317885
3,svcca,0.9,0.707687,0.716590,0.785954
3,edit_distance_knn,0.9,0.287860,0.062150,0.066987
3,cycle_knn,1.0,0.984300,0.720200,0.740012
3,mutual_knn,1.0,0.737220,0.360530,0.385541
3,lcs_knn,1.0,4.752400,2.372500,2.525238
3,cka,1.0,0.949284,0.914012,0.938064
3,unbiased_cka,1.0,0.948053,0.912111,0.935666
3,cknna,1.0,0.746239,0.323611,0.369905
3,svcca,1.0,0.665421,0.749621,0.799284
3,edit_distance_knn,1.0,0.268570,0.071180,0.082460
4,cycle_knn,0.0,0.982400,0.676700,0.696412
4,mutual_knn,0.0,0.724610,0.301210,0.324074
4,lcs_knn,0.0,4.630100,2.051800,2.179126
4,cka,0.0,0.943366,0.893282,0.936951
4,unbiased_cka,0.0,0.942379,0.891530,0.935395
4,cknna,0.0,0.729607,0.267592,0.306966
4,svcca,0.0,0.675386,0.741039,0.749900
4,edit_distance_knn,0.0,0.256540,0.054810,0.064436
4,cycle_knn,0.1,0.982600,0.650600,0.706400
4,mutual_knn,0.1,0.740320,0.281760,0.343765
4,lcs_knn,0.1,4.765500,1.950500,2.292179
4,cka,0.1,0.949059,0.830955,0.935847
4,unbiased_cka,0.1,0.947742,0.830360,0.933557
4,cknna,0.1,0.744480,0.253229,0.326287
4,svcca,0.1,0.703552,0.729189,0.765929
4,edit_distance_knn,0.1,0.269600,0.052050,0.070114
4,cycle_knn,0.2,0.983600,0.663900,0.724992
4,mutual_knn,0.2,0.746730,0.325550,0.376467
4,lcs_knn,0.2,4.812000,2.188200,2.481446
4,cka,0.2,0.954524,0.850396,0.905347
4,unbiased_cka,0.2,0.953320,0.850087,0.905214
4,cknna,0.2,0.751462,0.285085,0.359550
4,svcca,0.2,0.711458,0.715102,0.771461
4,edit_distance_knn,0.2,0.274290,0.063080,0.080812
4,cycle_knn,0.3,0.984500,0.670700,0.697603
4,mutual_knn,0.3,0.756240,0.316500,0.341103
4,lcs_knn,0.3,4.866300,2.138800,2.291718
4,cka,0.3,0.954080,0.899059,0.912107
4,unbiased_cka,0.3,0.952850,0.898783,0.911967
4,cknna,0.3,0.759970,0.284223,0.323814
4,svcca,0.3,0.709704,0.722892,0.764824
4,edit_distance_knn,0.3,0.278950,0.061220,0.070832
4,cycle_knn,0.4,0.985900,0.696800,0.719077
4,mutual_knn,0.4,0.742890,0.350920,0.379740
4,lcs_knn,0.4,4.780300,2.342900,2.500538
4,cka,0.4,0.955239,0.870360,0.921022
4,unbiased_cka,0.4,0.953990,0.870064,0.919537
4,cknna,0.4,0.752309,0.311091,0.362714
4,svcca,0.4,0.674089,0.707111,0.775799
4,edit_distance_knn,0.4,0.271070,0.070860,0.081204
4,cycle_knn,0.5,0.982600,0.700000,0.711048
4,mutual_knn,0.5,0.737260,0.343330,0.362439
4,lcs_knn,0.5,4.752800,2.291900,2.395667
4,cka,0.5,0.953234,0.899016,0.942971
4,unbiased_cka,0.5,0.951844,0.898818,0.941440
4,cknna,0.5,0.746034,0.311658,0.346159
4,svcca,0.5,0.688045,0.759230,0.796617
4,edit_distance_knn,0.5,0.268800,0.068410,0.074981
4,cycle_knn,0.6,0.982900,0.667400,0.715389
4,mutual_knn,0.6,0.738970,0.318610,0.367148
4,lcs_knn,0.6,4.759000,2.150800,2.428050
4,cka,0.6,0.953480,0.890293,0.933684
4,unbiased_cka,0.6,0.952151,0.885372,0.930102
4,cknna,0.6,0.746804,0.287637,0.353891
4,svcca,0.6,0.702681,0.713214,0.755449
4,edit_distance_knn,0.6,0.269580,0.061150,0.077854
4,cycle_knn,0.7,0.981300,0.646400,0.692187
4,mutual_knn,0.7,0.727120,0.280870,0.314467
4,lcs_knn,0.7,4.663900,1.940100,2.134296
4,cka,0.7,0.947822,0.836195,0.843612
4,unbiased_cka,0.7,0.946514,0.835988,0.841686
4,cknna,0.7,0.731389,0.252134,0.304183
4,svcca,0.7,0.691831,0.761692,0.742364
4,edit_distance_knn,0.7,0.259560,0.051510,0.063076
4,cycle_knn,0.8,0.984000,0.661800,0.717041
4,mutual_knn,0.8,0.746670,0.312290,0.354767
4,lcs_knn,0.8,4.820300,2.108300,2.357022
4,cka,0.8,0.953880,0.836111,0.853337
4,unbiased_cka,0.8,0.952574,0.835838,0.791629
4,cknna,0.8,0.754253,0.285052,0.336874
4,svcca,0.8,0.679982,0.726165,0.764247
4,edit_distance_knn,0.8,0.276680,0.061010,0.074900
4,cycle_knn,0.9,0.984300,0.675900,0.716426
4,mutual_knn,0.9,0.723120,0.320050,0.373314
4,lcs_knn,0.9,4.626300,2.158200,2.459050
4,cka,0.9,0.945661,0.889723,0.939759
4,unbiased_cka,0.9,0.944099,0.887284,0.939637
4,cknna,0.9,0.728240,0.280844,0.352922
4,svcca,0.9,0.685672,0.681491,0.769445
4,edit_distance_knn,0.9,0.255090,0.062000,0.078054
4,cycle_knn,1.0,0.985600,0.724700,0.755186
4,mutual_knn,1.0,0.770570,0.417620,0.452574
4,lcs_knn,1.0,5.019700,2.700800,2.897741
4,cka,1.0,0.964428,0.934876,0.948746
4,unbiased_cka,1.0,0.963758,0.934660,0.948594
4,cknna,1.0,0.777035,0.375901,0.433440
4,svcca,1.0,0.712029,0.757084,0.798025
4,edit_distance_knn,1.0,0.296850,0.090930,0.106208
5,cycle_knn,0.0,0.982600,0.693600,0.723072
5,mutual_knn,0.0,0.740190,0.339710,0.375015
5,lcs_knn,0.0,4.746400,2.269200,2.462661
5,cka,0.0,0.951544,0.874098,0.904728
5,unbiased_cka,0.0,0.950352,0.870748,0.902757
5,cknna,0.0,0.748961,0.300368,0.357240
5,svcca,0.0,0.754220,0.712452,0.777299
5,edit_distance_knn,0.0,0.268220,0.065460,0.078876
5,cycle_knn,0.1,0.984500,0.696500,0.734749
5,mutual_knn,0.1,0.763090,0.368040,0.400515
5,lcs_knn,0.1,4.935300,2.418000,2.609942
5,cka,0.1,0.961434,0.894090,0.945524
5,unbiased_cka,0.1,0.960811,0.893008,0.941682
5,cknna,0.1,0.770669,0.330498,0.384913
5,svcca,0.1,0.779050,0.773383,0.798769
5,edit_distance_knn,0.1,0.288250,0.074420,0.087946
5,cycle_knn,0.2,0.980800,0.686100,0.730908
5,mutual_knn,0.2,0.729690,0.338760,0.391560
5,lcs_knn,0.2,4.678300,2.257600,2.558543
5,cka,0.2,0.948768,0.898312,0.928161
5,unbiased_cka,0.2,0.947599,0.894687,0.925740
5,cknna,0.2,0.735414,0.299529,0.376577
5,svcca,0.2,0.690702,0.750294,0.759250
5,edit_distance_knn,0.2,0.260800,0.067180,0.085260
5,cycle_knn,0.3,0.985000,0.666300,0.696796
5,mutual_knn,0.3,0.741510,0.332470,0.353680
5,lcs_knn,0.3,4.773200,2.224600,2.352105
5,cka,0.3,0.955474,0.883158,0.878432
5,unbiased_cka,0.3,0.954026,0.882890,0.875482
5,cknna,0.3,0.749275,0.290268,0.336483
5,svcca,0.3,0.706403,0.785094,0.783009
5,edit_distance_knn,0.3,0.270580,0.064400,0.074143
5,cycle_knn,0.4,0.981700,0.630500,0.709511
5,mutual_knn,0.4,0.718840,0.292330,0.349685
5,lcs_knn,0.4,4.583200,2.005100,2.327290
5,cka,0.4,0.944127,0.870170,0.906164
5,unbiased_cka,0.4,0.942847,0.869954,0.906026
5,cknna,0.4,0.723291,0.258889,0.336582
5,svcca,0.4,0.656408,0.713655,0.788122
5,edit_distance_knn,0.4,0.250180,0.055600,0.073440
5,cycle_knn,0.5,0.981100,0.643100,0.681776
5,mutual_knn,0.5,0.746990,0.277850,0.307329
5,lcs_knn,0.5,4.801600,1.918600,2.096305
5,cka,0.5,0.959139,0.875368,0.850166
5,unbiased_cka,0.5,0.958007,0.875134,0.742728
5,cknna,0.5,0.751755,0.252589,0.297166
5,svcca,0.5,0.716437,0.722989,0.761021
5,edit_distance_knn,0.5,0.272900,0.050690,0.061359
5,cycle_knn,0.6,0.981700,0.635900,0.700292
5,mutual_knn,0.6,0.733100,0.303240,0.346708
5,lcs_knn,0.6,4.712800,2.058500,2.313883
5,cka,0.6,0.947238,0.839815,0.889757
5,unbiased_cka,0.6,0.946373,0.836795,0.889620
5,cknna,0.6,0.740171,0.274670,0.327446
5,svcca,0.6,0.666239,0.717195,0.747947
5,edit_distance_knn,0.6,0.265340,0.057920,0.070897
5,cycle_knn,0.7,0.984400,0.699300,0.708090
5,mutual_knn,0.7,0.749770,0.363000,0.368688
5,lcs_knn,0.7,4.831900,2.389700,2.435080
5,cka,0.7,0.955682,0.903351,0.948353
5,unbiased_cka,0.7,0.954347,0.898454,0.948263
5,cknna,0.7,0.755854,0.321351,0.350198
5,svcca,0.7,0.696537,0.749286,0.725757
5,edit_distance_knn,0.7,0.277390,0.074550,0.078112
5,cycle_knn,0.8,0.983400,0.676400,0.716580
5,mutual_knn,0.8,0.738370,0.311150,0.368980
5,lcs_knn,0.8,4.751000,2.110900,2.432813
5,cka,0.8,0.948545,0.877008,0.934029
5,unbiased_cka,0.8,0.946917,0.876767,0.933938
5,cknna,0.8,0.747407,0.274554,0.354572
5,svcca,0.8,0.753417,0.728662,0.786043
5,edit_distance_knn,0.8,0.267820,0.059650,0.077132
5,cycle_knn,0.9,0.985300,0.738900,0.739897
5,mutual_knn,0.9,0.751780,0.391620,0.409584
5,lcs_knn,0.9,4.852800,2.562100,2.662761
5,cka,0.9,0.957913,0.910533,0.933145
5,unbiased_cka,0.9,0.956637,0.910343,0.933031
5,cknna,0.9,0.758571,0.355649,0.391677
5,svcca,0.9,0.672138,0.743734,0.774040
5,edit_distance_knn,0.9,0.278300,0.082940,0.091069
5,cycle_knn,1.0,0.984000,0.706500,0.736248
5,mutual_knn,1.0,0.767450,0.343270,0.383547
5,lcs_knn,1.0,4.995800,2.280600,2.518247
5,cka,1.0,0.962179,0.880717,0.954640
5,unbiased_cka,1.0,0.960891,0.880484,0.954573
5,cknna,1.0,0.772844,0.306284,0.362428
5,svcca,1.0,0.720671,0.713428,0.763114
5,edit_distance_knn,1.0,0.293320,0.068170,0.081757
6,cycle_knn,0.0,0.982900,0.709200,0.737669
6,mutual_knn,0.0,0.753790,0.370100,0.400184
6,lcs_knn,0.0,4.872600,2.446100,2.609442
6,cka,0.0,0.956377,0.896429,0.919533
6,unbiased_cka,0.0,0.954946,0.896215,0.919365
6,cknna,0.0,0.755399,0.333671,0.387981
6,svcca,0.0,0.706406,0.748546,0.785117
6,edit_distance_knn,0.0,0.282150,0.076180,0.089386
6,cycle_knn,0.1,0.983700,0.736800,0.762907
6,mutual_knn,0.1,0.763930,0.409260,0.441245
6,lcs_knn,0.1,4.942800,2.651100,2.839774
6,cka,0.1,0.958339,0.946423,0.946644
6,unbiased_cka,0.1,0.958248,0.943689,0.941436
6,cknna,0.1,0.771382,0.370869,0.426333
6,svcca,0.1,0.688206,0.752370,0.836138
6,edit_distance_knn,0.1,0.286960,0.087870,0.101756
6,cycle_knn,0.2,0.987400,0.698200,0.744584
6,mutual_knn,0.2,0.777650,0.333060,0.386789
6,lcs_knn,0.2,5.083600,2.241100,2.534726
6,cka,0.2,0.966563,0.836294,0.949246
6,unbiased_cka,0.2,0.965974,0.822136,0.941429
6,cknna,0.2,0.782485,0.295901,0.366772
6,svcca,0.2,0.707219,0.772363,0.778952
6,edit_distance_knn,0.2,0.303420,0.065930,0.083697
