seed,metric,frac_overlap,metric_overlap,metric_ood_one,metric_ood_all_mnist,metric_ood_all_svhn
0,cycle_knn,0.8,0.716000,0.583000,0.621300,0.374347
0,mutual_knn,0.8,0.249450,0.142800,0.143670,0.063576
0,lcs_knn,0.8,0.430750,0.276500,0.250100,0.140212
0,cka,0.8,0.665454,0.445474,0.722362,0.545440
0,unbiased_cka,0.8,0.660650,0.435968,0.722104,0.545060
0,cknna,0.8,0.238360,0.135100,0.135349,0.063447
0,svcca,0.8,0.484382,0.502790,0.586474,0.546092
0,edit_distance_knn,0.8,0.760325,0.755300,0.754920,0.752912
0,cycle_knn,0.0,-1.000000,0.330400,0.582300,0.244814
0,mutual_knn,0.0,-1.000000,0.058120,0.123500,0.035564
0,lcs_knn,0.0,-1.000000,0.121200,0.213600,0.080055
0,cka,0.0,-1.000000,0.279680,0.472828,0.374950
0,unbiased_cka,0.0,-1.000000,0.275834,0.472251,0.374480
0,cknna,0.0,-1.000000,0.061326,0.120378,0.037998
0,svcca,0.0,-1.000000,0.333575,0.492547,0.478927
0,edit_distance_knn,0.0,-1.000000,0.751990,0.753620,0.751713
0,cycle_knn,0.6,0.707333,0.456250,0.660000,0.309619
0,mutual_knn,0.6,0.240533,0.098300,0.156100,0.049497
0,lcs_knn,0.6,0.414667,0.194000,0.266900,0.111094
0,cka,0.6,0.683361,0.358319,0.666341,0.450820
0,unbiased_cka,0.6,0.678048,0.351327,0.665979,0.450412
0,cknna,0.6,0.228753,0.103022,0.145331,0.048740
0,svcca,0.6,0.540429,0.418000,0.607614,0.534342
0,edit_distance_knn,0.6,0.758400,0.753675,0.754830,0.752309
0,cycle_knn,1.0,0.736800,-1.000000,0.677000,0.449255
0,mutual_knn,1.0,0.278440,-1.000000,0.171710,0.086962
0,lcs_knn,1.0,0.470200,-1.000000,0.287100,0.182199
0,cka,1.0,0.675211,-1.000000,0.716391,0.625109
0,unbiased_cka,1.0,0.671071,-1.000000,0.716031,0.624757
0,cknna,1.0,0.265066,-1.000000,0.163126,0.087258
0,svcca,1.0,0.474225,-1.000000,0.650445,0.632710
0,edit_distance_knn,1.0,0.762260,-1.000000,0.755730,0.753730
0,cycle_knn,0.2,0.687000,0.367000,0.577500,0.301859
0,mutual_knn,0.2,0.211900,0.068987,0.125250,0.046136
0,lcs_knn,0.2,0.370000,0.142625,0.222200,0.103181
0,cka,0.2,0.745483,0.303353,0.400291,0.490300
0,unbiased_cka,0.2,0.738938,0.298808,0.399721,0.489906
0,cknna,0.2,0.198806,0.070393,0.121741,0.049264
0,svcca,0.2,0.843109,0.375076,0.537134,0.481896
0,edit_distance_knn,0.2,0.756800,0.752387,0.753970,0.752040
0,cycle_knn,0.4,0.672000,0.403000,0.584800,0.311540
0,mutual_knn,0.4,0.215000,0.080117,0.125960,0.048045
0,lcs_knn,0.4,0.371000,0.159167,0.222700,0.107906
0,cka,0.4,0.695212,0.316582,0.446793,0.448712
0,unbiased_cka,0.4,0.689074,0.311129,0.446161,0.448344
0,cknna,0.4,0.213472,0.081127,0.117143,0.049445
0,svcca,0.4,0.644453,0.371544,0.526926,0.489392
0,edit_distance_knn,0.4,0.757800,0.752983,0.753670,0.752036
1,cycle_knn,0.4,0.663500,0.416833,0.596300,0.301706
1,mutual_knn,0.4,0.210150,0.085967,0.128300,0.046550
1,lcs_knn,0.4,0.371500,0.172167,0.226300,0.104103
1,cka,0.4,0.691388,0.318474,0.540514,0.549495
1,unbiased_cka,0.4,0.685072,0.312804,0.540068,0.549190
1,cknna,0.4,0.196004,0.088758,0.123096,0.046017
1,svcca,0.4,0.602021,0.384009,0.541808,0.511383
1,edit_distance_knn,0.4,0.758550,0.753433,0.754040,0.752109
1,cycle_knn,0.0,-1.000000,0.334100,0.564500,0.250307
1,mutual_knn,0.0,-1.000000,0.061330,0.116090,0.035848
1,lcs_knn,0.0,-1.000000,0.123700,0.198500,0.081899
1,cka,0.0,-1.000000,0.282917,0.463348,0.349959
1,unbiased_cka,0.0,-1.000000,0.279109,0.462801,0.349535
1,cknna,0.0,-1.000000,0.064982,0.110620,0.038091
1,svcca,0.0,-1.000000,0.337257,0.532987,0.448080
1,edit_distance_knn,0.0,-1.000000,0.752260,0.753420,0.751667
1,cycle_knn,1.0,0.733000,-1.000000,0.694500,0.379494
1,mutual_knn,1.0,0.271960,-1.000000,0.176350,0.067044
1,lcs_knn,1.0,0.465400,-1.000000,0.305800,0.143093
1,cka,1.0,0.685086,-1.000000,0.757594,0.686273
1,unbiased_cka,1.0,0.681105,-1.000000,0.757344,0.686071
1,cknna,1.0,0.261961,-1.000000,0.170450,0.063924
1,svcca,1.0,0.504520,-1.000000,0.628872,0.631172
1,edit_distance_knn,1.0,0.761620,-1.000000,0.756310,0.752850
1,cycle_knn,0.2,0.680000,0.364125,0.578600,0.283267
1,mutual_knn,0.2,0.205400,0.068525,0.120200,0.043085
1,lcs_knn,0.2,0.395000,0.147250,0.214500,0.100453
1,cka,0.2,0.767474,0.309008,0.532613,0.434448
1,unbiased_cka,0.2,0.762010,0.304593,0.532149,0.434052
1,cknna,0.2,0.179135,0.068331,0.114183,0.045440
1,svcca,0.2,0.832724,0.368062,0.526972,0.503779
1,edit_distance_knn,0.2,0.758400,0.752537,0.753920,0.752113
1,cycle_knn,0.6,0.661333,0.490250,0.596500,0.322104
1,mutual_knn,0.6,0.209467,0.112075,0.128250,0.051951
1,lcs_knn,0.6,0.376333,0.218250,0.222800,0.117356
1,cka,0.6,0.645943,0.375675,0.542879,0.550878
1,unbiased_cka,0.6,0.640091,0.368677,0.542475,0.550595
1,cknna,0.6,0.199920,0.114335,0.123563,0.051014
1,svcca,0.6,0.538246,0.414898,0.542688,0.540657
1,edit_distance_knn,0.6,0.758267,0.754375,0.753920,0.752382
1,cycle_knn,0.8,0.694500,0.539500,0.674700,0.354833
1,mutual_knn,0.8,0.241350,0.140950,0.165990,0.062124
1,lcs_knn,0.8,0.415500,0.255500,0.282900,0.134335
1,cka,0.8,0.662872,0.367342,0.754729,0.685341
1,unbiased_cka,0.8,0.658030,0.356380,0.754464,0.685067
1,cknna,0.8,0.226475,0.135941,0.162977,0.059543
1,svcca,0.8,0.508087,0.416121,0.603334,0.556302
1,edit_distance_knn,0.8,0.760275,0.755500,0.755470,0.752701
2,cycle_knn,0.4,0.686000,0.414333,0.580900,0.290104
2,mutual_knn,0.4,0.214500,0.082850,0.126570,0.044292
2,lcs_knn,0.4,0.391000,0.164500,0.230800,0.099147
2,cka,0.4,0.695545,0.328127,0.652041,0.522782
2,unbiased_cka,0.4,0.689510,0.322760,0.651755,0.522479
2,cknna,0.4,0.188717,0.086673,0.120212,0.042506
2,svcca,0.4,0.605058,0.366551,0.553765,0.521302
2,edit_distance_knn,0.4,0.758550,0.753233,0.754420,0.751909
2,cycle_knn,0.6,0.689667,0.493000,0.656600,0.312270
2,mutual_knn,0.6,0.218033,0.111375,0.153850,0.049612
2,lcs_knn,0.6,0.385000,0.231750,0.270000,0.111862
2,cka,0.6,0.663246,0.377174,0.696305,0.530471
2,unbiased_cka,0.6,0.657701,0.370196,0.695963,0.530139
2,cknna,0.6,0.207974,0.110443,0.148979,0.049097
2,svcca,0.6,0.559196,0.422400,0.548562,0.558505
2,edit_distance_knn,0.6,0.758833,0.754875,0.755070,0.752224
2,cycle_knn,0.8,0.700500,0.601500,0.659600,0.351029
2,mutual_knn,0.8,0.231325,0.153600,0.158550,0.061728
2,lcs_knn,0.8,0.396500,0.287500,0.275000,0.132529
2,cka,0.8,0.644412,0.421897,0.698384,0.546617
2,unbiased_cka,0.8,0.639435,0.411086,0.698088,0.546249
2,cknna,0.8,0.225311,0.162288,0.147613,0.060419
2,svcca,0.8,0.504968,0.454611,0.580384,0.583641
2,edit_distance_knn,0.8,0.759750,0.756550,0.755780,0.752620
2,cycle_knn,0.0,-1.000000,0.334000,0.522500,0.253765
2,mutual_knn,0.0,-1.000000,0.062060,0.102990,0.038165
2,lcs_knn,0.0,-1.000000,0.128900,0.185600,0.087585
2,cka,0.0,-1.000000,0.280049,0.357416,0.418485
2,unbiased_cka,0.0,-1.000000,0.276217,0.356758,0.418127
2,cknna,0.0,-1.000000,0.071539,0.098090,0.039717
2,svcca,0.0,-1.000000,0.344364,0.500162,0.468961
2,edit_distance_knn,0.0,-1.000000,0.752400,0.753080,0.751648
2,cycle_knn,1.0,0.725800,-1.000000,0.694500,0.432237
2,mutual_knn,1.0,0.272000,-1.000000,0.176290,0.082833
2,lcs_knn,1.0,0.445000,-1.000000,0.293400,0.172941
2,cka,1.0,0.677822,-1.000000,0.705887,0.720460
2,unbiased_cka,1.0,0.673805,-1.000000,0.705558,0.720224
2,cknna,1.0,0.262954,-1.000000,0.169265,0.076810
2,svcca,1.0,0.482370,-1.000000,0.630553,0.629223
2,edit_distance_knn,1.0,0.760980,-1.000000,0.755960,0.753438
2,cycle_knn,0.2,0.685000,0.374000,0.572100,0.271320
2,mutual_knn,0.2,0.213500,0.071213,0.120890,0.040754
2,lcs_knn,0.2,0.365000,0.147250,0.209600,0.091503
2,cka,0.2,0.774659,0.300855,0.388274,0.436299
2,unbiased_cka,0.2,0.769297,0.296372,0.387667,0.435847
2,cknna,0.2,0.190278,0.078119,0.115727,0.041036
2,svcca,0.2,0.831931,0.332266,0.528688,0.511417
2,edit_distance_knn,0.2,0.757400,0.753025,0.753460,0.751690
3,cycle_knn,0.4,0.670500,0.424167,0.576600,0.257644
3,mutual_knn,0.4,0.216100,0.086583,0.124700,0.038211
3,lcs_knn,0.4,0.372000,0.176167,0.213700,0.087661
3,cka,0.4,0.681016,0.336682,0.495310,0.488922
3,unbiased_cka,0.4,0.674469,0.331170,0.494694,0.488553
3,cknna,0.4,0.204010,0.087814,0.116962,0.037995
3,svcca,0.4,0.622601,0.372669,0.593524,0.492981
3,edit_distance_knn,0.4,0.758700,0.753317,0.754020,0.751763
3,cycle_knn,0.6,0.668333,0.486750,0.598500,0.315227
3,mutual_knn,0.6,0.217300,0.113250,0.137440,0.051064
3,lcs_knn,0.6,0.384000,0.219250,0.239400,0.112016
3,cka,0.6,0.654744,0.384531,0.539024,0.511946
3,unbiased_cka,0.6,0.649069,0.377651,0.538460,0.511607
3,cknna,0.6,0.205593,0.108115,0.131681,0.051766
3,svcca,0.6,0.540083,0.427027,0.606997,0.519611
3,edit_distance_knn,0.6,0.758200,0.753425,0.754470,0.752263
3,cycle_knn,0.8,0.679750,0.552000,0.624000,0.352720
3,mutual_knn,0.8,0.236975,0.138650,0.142610,0.058228
3,lcs_knn,0.8,0.406500,0.268500,0.254200,0.125922
3,cka,0.8,0.655312,0.443760,0.612515,0.571582
3,unbiased_cka,0.8,0.650443,0.434154,0.611971,0.571275
3,cknna,0.8,0.226839,0.126782,0.132310,0.058863
3,svcca,0.8,0.513882,0.474278,0.624964,0.537926
3,edit_distance_knn,0.8,0.760100,0.755450,0.754740,0.752578
3,cycle_knn,0.0,-1.000000,0.336200,0.531100,0.244852
3,mutual_knn,0.0,-1.000000,0.059460,0.107520,0.034661
3,lcs_knn,0.0,-1.000000,0.118600,0.189800,0.081131
3,cka,0.0,-1.000000,0.288043,0.416782,0.439043
3,unbiased_cka,0.0,-1.000000,0.284196,0.416260,0.438715
3,cknna,0.0,-1.000000,0.064338,0.101846,0.035899
3,svcca,0.0,-1.000000,0.350227,0.512376,0.472032
3,edit_distance_knn,0.0,-1.000000,0.752020,0.753580,0.751529
3,cycle_knn,1.0,0.719600,-1.000000,0.645000,0.396397
3,mutual_knn,1.0,0.265420,-1.000000,0.161390,0.071731
3,lcs_knn,1.0,0.446400,-1.000000,0.276000,0.150968
3,cka,1.0,0.670396,-1.000000,0.560890,0.643608
3,unbiased_cka,1.0,0.666349,-1.000000,0.560300,0.643329
3,cknna,1.0,0.247837,-1.000000,0.151083,0.070155
3,svcca,1.0,0.477740,-1.000000,0.649314,0.597244
3,edit_distance_knn,1.0,0.759960,-1.000000,0.755240,0.753173
3,cycle_knn,0.2,0.703000,0.374125,0.517000,0.261755
3,mutual_knn,0.2,0.204800,0.070588,0.099510,0.038195
3,lcs_knn,0.2,0.375000,0.148750,0.178100,0.086432
3,cka,0.2,0.699414,0.302827,0.419080,0.390611
3,unbiased_cka,0.2,0.690217,0.298228,0.418462,0.390237
3,cknna,0.2,0.179881,0.077823,0.094390,0.040409
3,svcca,0.2,0.743946,0.359114,0.492768,0.494159
3,edit_distance_knn,0.2,0.759000,0.752862,0.752840,0.751709
4,cycle_knn,0.2,0.689000,0.358000,0.551200,0.289874
4,mutual_knn,0.2,0.232000,0.065538,0.114930,0.042563
4,lcs_knn,0.2,0.399000,0.130750,0.206100,0.091925
4,cka,0.2,0.798581,0.279750,0.430405,0.466508
4,unbiased_cka,0.2,0.794115,0.275002,0.429887,0.466209
4,cknna,0.2,0.220688,0.067848,0.113337,0.044177
4,svcca,0.2,0.856918,0.359253,0.503154,0.499489
4,edit_distance_knn,0.2,0.757500,0.752175,0.753650,0.751886
4,cycle_knn,1.0,0.733400,-1.000000,0.691000,0.406461
4,mutual_knn,1.0,0.269280,-1.000000,0.183060,0.074474
4,lcs_knn,1.0,0.453800,-1.000000,0.313300,0.158113
4,cka,1.0,0.683320,-1.000000,0.703938,0.645552
4,unbiased_cka,1.0,0.679418,-1.000000,0.703475,0.645301
4,cknna,1.0,0.254220,-1.000000,0.175552,0.069855
4,svcca,1.0,0.507194,-1.000000,0.627587,0.638031
4,edit_distance_knn,1.0,0.761340,-1.000000,0.756320,0.752935
4,cycle_knn,0.6,0.663000,0.475000,0.630300,0.331746
4,mutual_knn,0.6,0.212100,0.107625,0.146750,0.053473
4,lcs_knn,0.6,0.387667,0.214500,0.253200,0.115896
4,cka,0.6,0.679191,0.306820,0.479718,0.545698
4,unbiased_cka,0.6,0.674001,0.298892,0.479054,0.545308
4,cknna,0.6,0.193772,0.110358,0.139624,0.051661
4,svcca,0.6,0.562227,0.354718,0.577741,0.544775
4,edit_distance_knn,0.6,0.758333,0.754200,0.754920,0.752186
4,cycle_knn,0.0,-1.000000,0.339500,0.557100,0.284304
4,mutual_knn,0.0,-1.000000,0.060470,0.115030,0.041921
4,lcs_knn,0.0,-1.000000,0.123100,0.204100,0.093116
4,cka,0.0,-1.000000,0.284987,0.431864,0.474811
4,unbiased_cka,0.0,-1.000000,0.281156,0.431403,0.474444
4,cknna,0.0,-1.000000,0.064177,0.108802,0.043551
4,svcca,0.0,-1.000000,0.355307,0.554751,0.487477
4,edit_distance_knn,0.0,-1.000000,0.752280,0.753270,0.751836
4,cycle_knn,0.4,0.666500,0.421667,0.579000,0.295982
4,mutual_knn,0.4,0.217750,0.082267,0.121710,0.045486
4,lcs_knn,0.4,0.403000,0.159833,0.213100,0.100376
4,cka,0.4,0.712255,0.305696,0.360756,0.501474
4,unbiased_cka,0.4,0.706797,0.299842,0.360233,0.501096
4,cknna,0.4,0.204819,0.084676,0.118441,0.046061
4,svcca,0.4,0.628966,0.360206,0.524186,0.508931
4,edit_distance_knn,0.4,0.758700,0.752833,0.753700,0.751878
4,cycle_knn,0.8,0.696750,0.628500,0.666900,0.360979
4,mutual_knn,0.8,0.236450,0.168350,0.172820,0.064044
4,lcs_knn,0.8,0.412000,0.313000,0.289100,0.134604
4,cka,0.8,0.664125,0.421913,0.648132,0.580311
4,unbiased_cka,0.8,0.659439,0.411239,0.647481,0.579948
4,cknna,0.8,0.225029,0.152315,0.162950,0.062917
4,svcca,0.8,0.490636,0.472873,0.654332,0.576489
4,edit_distance_knn,0.8,0.759425,0.756600,0.755840,0.752447
5,cycle_knn,0.2,0.659000,0.368250,0.558900,0.281077
5,mutual_knn,0.2,0.206800,0.069950,0.121660,0.041760
5,lcs_knn,0.2,0.345000,0.142500,0.214600,0.092578
5,cka,0.2,0.774343,0.299888,0.507953,0.452638
5,unbiased_cka,0.2,0.769309,0.295221,0.507460,0.452252
5,cknna,0.2,0.182016,0.073402,0.114921,0.041850
5,svcca,0.2,0.783529,0.329509,0.541310,0.508885
5,edit_distance_knn,0.2,0.756200,0.752563,0.754070,0.751921
5,cycle_knn,1.0,0.724000,-1.000000,0.668000,0.392056
5,mutual_knn,1.0,0.273540,-1.000000,0.166350,0.070963
5,lcs_knn,1.0,0.462000,-1.000000,0.283200,0.149969
5,cka,1.0,0.676541,-1.000000,0.714759,0.657863
5,unbiased_cka,1.0,0.672514,-1.000000,0.714392,0.657579
5,cknna,1.0,0.265205,-1.000000,0.158572,0.066240
5,svcca,1.0,0.476396,-1.000000,0.661801,0.648647
5,edit_distance_knn,1.0,0.761820,-1.000000,0.755570,0.752896
5,cycle_knn,0.6,0.682000,0.440750,0.621200,0.319722
5,mutual_knn,0.6,0.232467,0.097400,0.143420,0.050876
5,lcs_knn,0.6,0.414000,0.191750,0.247700,0.112170
5,cka,0.6,0.687646,0.361202,0.598252,0.515007
5,unbiased_cka,0.6,0.682714,0.354228,0.597768,0.514652
5,cknna,0.6,0.224806,0.090619,0.138493,0.050984
5,svcca,0.6,0.533709,0.400077,0.563338,0.578063
5,edit_distance_knn,0.6,0.759567,0.753425,0.754860,0.752228
5,cycle_knn,0.0,-1.000000,0.333000,0.555400,0.262869
5,mutual_knn,0.0,-1.000000,0.059820,0.119210,0.038748
5,lcs_knn,0.0,-1.000000,0.124000,0.213000,0.084896
5,cka,0.0,-1.000000,0.286655,0.418507,0.403423
5,unbiased_cka,0.0,-1.000000,0.282768,0.417968,0.403008
5,cknna,0.0,-1.000000,0.063950,0.115196,0.040759
5,svcca,0.0,-1.000000,0.359910,0.491997,0.485322
5,edit_distance_knn,0.0,-1.000000,0.752220,0.753880,0.751690
5,cycle_knn,0.4,0.666000,0.408500,0.566500,0.273817
5,mutual_knn,0.4,0.215650,0.083783,0.120740,0.043028
5,lcs_knn,0.4,0.365000,0.172000,0.216100,0.097342
5,cka,0.4,0.715372,0.333703,0.582849,0.452716
5,unbiased_cka,0.4,0.710085,0.328229,0.582423,0.452244
5,cknna,0.4,0.199583,0.085563,0.112565,0.042274
5,svcca,0.4,0.610385,0.392362,0.533409,0.512063
5,edit_distance_knn,0.4,0.757450,0.753317,0.753960,0.751779
5,cycle_knn,0.8,0.690500,0.551000,0.645700,0.361363
5,mutual_knn,0.8,0.238775,0.133800,0.148260,0.062527
5,lcs_knn,0.8,0.412500,0.237000,0.255400,0.137754
5,cka,0.8,0.673067,0.449931,0.692794,0.604579
5,unbiased_cka,0.8,0.668580,0.440845,0.692402,0.604258
5,cknna,0.8,0.225098,0.121189,0.138998,0.061607
5,svcca,0.8,0.481234,0.458808,0.606638,0.629266
5,edit_distance_knn,0.8,0.759350,0.754250,0.754660,0.752528
6,cycle_knn,0.2,0.663000,0.364625,0.573700,0.269822
6,mutual_knn,0.2,0.208200,0.071200,0.124690,0.039743
6,lcs_knn,0.2,0.372000,0.144500,0.217300,0.088084
6,cka,0.2,0.813029,0.286698,0.447003,0.465872
6,unbiased_cka,0.2,0.809140,0.282067,0.446375,0.465522
6,cknna,0.2,0.189650,0.075451,0.118038,0.042145
6,svcca,0.2,0.870179,0.327777,0.533983,0.479254
6,edit_distance_knn,0.2,0.757600,0.752700,0.753700,0.751771
6,cycle_knn,0.0,-1.000000,0.323200,0.579000,0.221573
6,mutual_knn,0.0,-1.000000,0.057630,0.126710,0.031861
6,lcs_knn,0.0,-1.000000,0.121400,0.227200,0.072872
6,cka,0.0,-1.000000,0.278845,0.505125,0.361657
6,unbiased_cka,0.0,-1.000000,0.274992,0.504519,0.361247
6,cknna,0.0,-1.000000,0.063399,0.122203,0.033521
6,svcca,0.0,-1.000000,0.332222,0.554097,0.439775
6,edit_distance_knn,0.0,-1.000000,0.752230,0.754230,0.751533
6,cycle_knn,0.8,0.711750,0.540500,0.630400,0.348763
6,mutual_knn,0.8,0.241675,0.132400,0.143990,0.058274
6,lcs_knn,0.8,0.413750,0.258500,0.257500,0.126882
6,cka,0.8,0.672506,0.409063,0.466767,0.574457
6,unbiased_cka,0.8,0.667996,0.399380,0.466119,0.574158
6,cknna,0.8,0.229639,0.120163,0.140925,0.059640
6,svcca,0.8,0.503476,0.442981,0.584595,0.525012
6,edit_distance_knn,0.8,0.759125,0.755400,0.754950,0.752524
6,cycle_knn,0.6,0.681333,0.441500,0.618700,0.327597
6,mutual_knn,0.6,0.236333,0.095850,0.144150,0.053331
6,lcs_knn,0.6,0.417333,0.186500,0.246700,0.117471
6,cka,0.6,0.687643,0.361436,0.515124,0.573158
6,unbiased_cka,0.6,0.682555,0.354504,0.514518,0.572847
6,cknna,0.6,0.226845,0.100908,0.139493,0.053803
6,svcca,0.6,0.576153,0.400635,0.577557,0.520147
6,edit_distance_knn,0.6,0.758800,0.753575,0.754560,0.752332
6,cycle_knn,0.4,0.689000,0.395667,0.584300,0.264060
6,mutual_knn,0.4,0.223350,0.083717,0.128080,0.040032
6,lcs_knn,0.4,0.414000,0.165500,0.224300,0.088084
6,cka,0.4,0.727455,0.314357,0.432341,0.418801
6,unbiased_cka,0.4,0.722241,0.308816,0.431727,0.418448
6,cknna,0.4,0.204265,0.089052,0.122952,0.041474
6,svcca,0.4,0.604723,0.368125,0.523455,0.499575
6,edit_distance_knn,0.4,0.759350,0.753250,0.754310,0.751717
6,cycle_knn,1.0,0.735000,-1.000000,0.681700,0.418562
6,mutual_knn,1.0,0.278340,-1.000000,0.183130,0.079133
6,lcs_knn,1.0,0.466600,-1.000000,0.306200,0.167909
6,cka,1.0,0.691626,-1.000000,0.672318,0.701240
6,unbiased_cka,1.0,0.687870,-1.000000,0.671738,0.700997
6,cknna,1.0,0.258828,-1.000000,0.175883,0.075486
6,svcca,1.0,0.497196,-1.000000,0.612768,0.615539
6,edit_distance_knn,1.0,0.761560,-1.000000,0.756340,0.753392
7,cycle_knn,0.2,0.727000,0.352875,0.533900,0.274278
7,mutual_knn,0.2,0.226700,0.066238,0.108930,0.039989
7,lcs_knn,0.2,0.396000,0.138750,0.191700,0.088967
7,cka,0.2,0.768595,0.273207,0.349103,0.423221
7,unbiased_cka,0.2,0.762760,0.268479,0.348530,0.422817
7,cknna,0.2,0.214580,0.071091,0.107446,0.040635
7,svcca,0.2,0.829529,0.322699,0.497059,0.489990
7,edit_distance_knn,0.2,0.759400,0.752613,0.753320,0.751683
7,cycle_knn,0.0,-1.000000,0.328300,0.553100,0.247388
7,mutual_knn,0.0,-1.000000,0.058420,0.111930,0.036340
7,lcs_knn,0.0,-1.000000,0.122500,0.204500,0.084627
7,cka,0.0,-1.000000,0.276659,0.379978,0.392798
7,unbiased_cka,0.0,-1.000000,0.272759,0.379423,0.392337
7,cknna,0.0,-1.000000,0.063296,0.107245,0.035749
7,svcca,0.0,-1.000000,0.336936,0.495964,0.483170
7,edit_distance_knn,0.0,-1.000000,0.752280,0.753860,0.751560
7,cycle_knn,0.8,0.676000,0.593000,0.566000,0.330939
7,mutual_knn,0.8,0.234650,0.156400,0.127020,0.052670
7,lcs_knn,0.8,0.400250,0.285000,0.226200,0.116587
7,cka,0.8,0.647403,0.429149,0.454820,0.535302
7,unbiased_cka,0.8,0.642366,0.418100,0.454222,0.534956
7,cknna,0.8,0.225032,0.141297,0.121581,0.053187
7,svcca,0.8,0.478762,0.467922,0.566587,0.552450
7,edit_distance_knn,0.8,0.758700,0.755450,0.754420,0.752282
7,cycle_knn,0.6,0.683667,0.470750,0.570200,0.278926
7,mutual_knn,0.6,0.222200,0.106325,0.123630,0.042294
7,lcs_knn,0.6,0.379000,0.203000,0.216500,0.096420
7,cka,0.6,0.670974,0.354062,0.518316,0.443282
7,unbiased_cka,0.6,0.665514,0.346662,0.517792,0.442902
7,cknna,0.6,0.210081,0.108644,0.122459,0.042690
7,svcca,0.6,0.566224,0.385303,0.537383,0.496664
7,edit_distance_knn,0.6,0.758433,0.753525,0.753930,0.751667
7,cycle_knn,0.4,0.661500,0.400167,0.585300,0.283344
7,mutual_knn,0.4,0.214100,0.083717,0.128660,0.043512
7,lcs_knn,0.4,0.376000,0.163667,0.219800,0.095959
7,cka,0.4,0.695803,0.303329,0.358280,0.427737
7,unbiased_cka,0.4,0.689758,0.297377,0.357639,0.427244
7,cknna,0.4,0.195932,0.086628,0.125168,0.045497
7,svcca,0.4,0.585859,0.346480,0.498484,0.477745
7,edit_distance_knn,0.4,0.758400,0.753333,0.754280,0.751840
7,cycle_knn,1.0,0.729000,-1.000000,0.683600,0.388868
7,mutual_knn,1.0,0.273360,-1.000000,0.175470,0.069803
7,lcs_knn,1.0,0.458000,-1.000000,0.295500,0.152543
7,cka,1.0,0.678367,-1.000000,0.763735,0.577086
7,unbiased_cka,1.0,0.674366,-1.000000,0.763476,0.576716
7,cknna,1.0,0.259266,-1.000000,0.170822,0.067330
7,svcca,1.0,0.504242,-1.000000,0.654145,0.629873
7,edit_distance_knn,1.0,0.761960,-1.000000,0.756090,0.753135
8,cycle_knn,0.8,0.708750,0.564500,0.637600,0.385641
8,mutual_knn,0.8,0.238675,0.139200,0.154410,0.066553
8,lcs_knn,0.8,0.411500,0.257000,0.261100,0.140980
8,cka,0.8,0.653457,0.552566,0.768494,0.584095
8,unbiased_cka,0.8,0.648516,0.545539,0.768281,0.583824
8,cknna,0.8,0.234439,0.127544,0.147658,0.065887
8,svcca,0.8,0.501098,0.501180,0.617903,0.576468
8,edit_distance_knn,0.8,0.759950,0.753800,0.754860,0.752762
8,cycle_knn,0.0,-1.000000,0.326400,0.552400,0.247772
8,mutual_knn,0.0,-1.000000,0.060380,0.115040,0.036770
8,lcs_knn,0.0,-1.000000,0.119000,0.199900,0.081553
8,cka,0.0,-1.000000,0.280873,0.315597,0.395386
8,unbiased_cka,0.0,-1.000000,0.276989,0.314976,0.394958
8,cknna,0.0,-1.000000,0.065328,0.108478,0.037564
8,svcca,0.0,-1.000000,0.353962,0.521769,0.469201
8,edit_distance_knn,0.0,-1.000000,0.752120,0.753720,0.751644
8,cycle_knn,0.6,0.659667,0.488750,0.606500,0.329940
8,mutual_knn,0.6,0.214100,0.100900,0.138620,0.054160
8,lcs_knn,0.6,0.372000,0.194500,0.238000,0.118623
8,cka,0.6,0.660843,0.412158,0.624156,0.582364
8,unbiased_cka,0.6,0.655125,0.405737,0.623814,0.582048
8,cknna,0.6,0.201155,0.089481,0.132229,0.053936
8,svcca,0.6,0.542685,0.457001,0.586859,0.574682
8,edit_distance_knn,0.6,0.758567,0.753675,0.754440,0.752339
8,cycle_knn,1.0,0.720000,-1.000000,0.657400,0.437231
8,mutual_knn,1.0,0.261400,-1.000000,0.162150,0.081242
8,lcs_knn,1.0,0.439200,-1.000000,0.274600,0.169714
8,cka,1.0,0.664253,-1.000000,0.792435,0.706720
8,unbiased_cka,1.0,0.660189,-1.000000,0.792191,0.706507
8,cknna,1.0,0.247695,-1.000000,0.152699,0.079962
8,svcca,1.0,0.496367,-1.000000,0.626685,0.653137
8,edit_distance_knn,1.0,0.760040,-1.000000,0.755510,0.753415
8,cycle_knn,0.4,0.668000,0.411000,0.594600,0.269361
8,mutual_knn,0.4,0.210400,0.082833,0.129980,0.039551
8,lcs_knn,0.4,0.375500,0.158667,0.232200,0.090081
8,cka,0.4,0.690397,0.327577,0.553250,0.500230
8,unbiased_cka,0.4,0.684280,0.321911,0.552858,0.499887
8,cknna,0.4,0.197237,0.082163,0.127159,0.039827
8,svcca,0.4,0.645893,0.366505,0.533193,0.478870
8,edit_distance_knn,0.4,0.757850,0.752517,0.754360,0.751817
8,cycle_knn,0.2,0.712000,0.378875,0.588700,0.244660
8,mutual_knn,0.2,0.214700,0.071325,0.126480,0.036405
8,lcs_knn,0.2,0.394000,0.149750,0.220800,0.082975
8,cka,0.2,0.755643,0.318581,0.672831,0.395317
8,unbiased_cka,0.2,0.749424,0.314191,0.672530,0.394899
8,cknna,0.2,0.193434,0.075323,0.119554,0.036583
8,svcca,0.2,0.790513,0.368440,0.578849,0.460873
8,edit_distance_knn,0.2,0.758800,0.752862,0.753840,0.751679
9,cycle_knn,0.8,0.681750,0.576500,0.635000,0.334780
9,mutual_knn,0.8,0.239275,0.147800,0.155620,0.054729
9,lcs_knn,0.8,0.420750,0.272000,0.263900,0.118623
9,cka,0.8,0.652569,0.413199,0.594609,0.535074
9,unbiased_cka,0.8,0.647468,0.402503,0.594206,0.534740
9,cknna,0.8,0.236400,0.139979,0.145407,0.053095
9,svcca,0.8,0.488831,0.464347,0.592718,0.546199
9,edit_distance_knn,0.8,0.760150,0.755900,0.755130,0.752286
9,cycle_knn,0.4,0.673000,0.383000,0.664100,0.287953
9,mutual_knn,0.4,0.218000,0.077000,0.160690,0.044660
9,lcs_knn,0.4,0.382500,0.150667,0.272800,0.100300
9,cka,0.4,0.707172,0.320080,0.595682,0.504679
9,unbiased_cka,0.4,0.701254,0.314486,0.595181,0.504356
9,cknna,0.4,0.203669,0.078603,0.153735,0.045131
9,svcca,0.4,0.632622,0.350335,0.565146,0.526595
9,edit_distance_knn,0.4,0.758900,0.752533,0.755570,0.751990
9,cycle_knn,0.0,-1.000000,0.322600,0.574800,0.269630
9,mutual_knn,0.0,-1.000000,0.056490,0.123260,0.039928
9,lcs_knn,0.0,-1.000000,0.120200,0.218600,0.089544
9,cka,0.0,-1.000000,0.261427,0.448960,0.425473
9,unbiased_cka,0.0,-1.000000,0.257479,0.448290,0.425106
9,cknna,0.0,-1.000000,0.062883,0.117572,0.041428
9,svcca,0.0,-1.000000,0.339883,0.524544,0.486104
9,edit_distance_knn,0.0,-1.000000,0.752200,0.754100,0.751686
9,cycle_knn,0.2,0.675000,0.353875,0.586700,0.303934
9,mutual_knn,0.2,0.225500,0.067938,0.127740,0.046862
9,lcs_knn,0.2,0.394000,0.138500,0.227600,0.104026
9,cka,0.2,0.786587,0.284210,0.559386,0.516395
9,unbiased_cka,0.2,0.781584,0.279658,0.558924,0.516043
9,cknna,0.2,0.195090,0.071383,0.122202,0.048679
9,svcca,0.2,0.847927,0.345906,0.546889,0.516913
9,edit_distance_knn,0.2,0.759900,0.752575,0.754420,0.752067
9,cycle_knn,1.0,0.711000,-1.000000,0.705000,0.411955
9,mutual_knn,1.0,0.267100,-1.000000,0.185890,0.073598
9,lcs_knn,1.0,0.462800,-1.000000,0.320100,0.155962
9,cka,1.0,0.675115,-1.000000,0.681515,0.602770
9,unbiased_cka,1.0,0.671005,-1.000000,0.681007,0.602457
9,cknna,1.0,0.254887,-1.000000,0.178427,0.070269
9,svcca,1.0,0.481656,-1.000000,0.646723,0.628437
9,edit_distance_knn,1.0,0.761500,-1.000000,0.756690,0.753223
9,cycle_knn,0.6,0.675667,0.464250,0.653400,0.323794
9,mutual_knn,0.6,0.231600,0.106900,0.158670,0.051010
9,lcs_knn,0.6,0.405667,0.205250,0.267900,0.114474
9,cka,0.6,0.670708,0.358110,0.594002,0.541880
9,unbiased_cka,0.6,0.665158,0.350759,0.593460,0.541535
9,cknna,0.6,0.216177,0.103281,0.149412,0.052324
9,svcca,0.6,0.504554,0.416316,0.579781,0.542641
9,edit_distance_knn,0.6,0.759367,0.754250,0.755420,0.752190
